{"cameraMode":{"drawMode":0,"name":"Shaded","section":"Shading Mode"},"sceneLighting":true,"audioPlay":false,"sceneViewState":{"showFog":false,"showMaterialUpdate":false,"showSkybox":false,"showFlares":false,"showImageEffects":false,"showParticleSystems":false},"in2DMode":false,"pivot":{"x":-2.69384765625,"y":2.461181640625,"z":12.52001953125},"rotation":{"x":0.07861130684614182,"y":-0.3482332229614258,"z":0.029320523142814637,"w":0.933646559715271},"size":5.312625885009766,"orthographic":true}