{"cameraMode":{"drawMode":0,"name":"Shaded","section":"Shading Mode"},"sceneLighting":true,"audioPlay":false,"sceneViewState":{"showFog":false,"showMaterialUpdate":false,"showSkybox":false,"showFlares":false,"showImageEffects":false,"showParticleSystems":false},"in2DMode":false,"pivot":{"x":-0.032958984375,"y":2.16357421875,"z":14.513671875},"rotation":{"x":0.10864464938640595,"y":-0.10714469850063324,"z":0.011779419146478176,"w":0.9882199168205261},"size":7.678603649139404,"orthographic":true}